R,E_FCI,E_IGCR2,E_IGCR3
0.7,-1.5598321366436316,-1.502489427441394,-1.5021513971309504
0.8,-1.749552285668793,-1.6933386762567746,-1.6931746731518242
